{"cameraMode":{"drawMode":0,"name":"Shaded","section":"Shading Mode"},"sceneLighting":true,"audioPlay":false,"sceneViewState":{"m_AlwaysRefresh":false,"showFog":true,"showSkybox":true,"showFlares":true,"showImageEffects":true,"showParticleSystems":true,"showVisualEffectGraphs":true,"m_FxEnabled":true},"in2DMode":false,"pivot":{"x":49.419559478759769,"y":-9.651351928710938,"z":3.6490917205810549},"rotation":{"x":0.09148674458265305,"y":0.6801511645317078,"z":-0.0861559584736824,"w":0.7222365736961365},"size":27.699153900146486,"orthographic":false}