{"cameraMode":{"drawMode":0,"name":"Shaded","section":"Shading Mode"},"sceneLighting":true,"audioPlay":false,"sceneViewState":{"m_AlwaysRefresh":false,"showFog":true,"showSkybox":true,"showFlares":true,"showImageEffects":true,"showParticleSystems":true,"showVisualEffectGraphs":true,"m_FxEnabled":true},"in2DMode":false,"pivot":{"x":24.74677276611328,"y":6.2935686111450199,"z":-8.191482543945313},"rotation":{"x":-0.021054193377494813,"y":0.810501754283905,"z":0.029191207140684129,"w":0.5846405625343323},"size":16.499570846557618,"orthographic":false}